{
  "detections": [
    {
      "translation": {
        "x": 39.551963806152344,
        "y": 26.58342742919922,
        "z": 6.695855617523193
      },
      "size": {
        "x": 0.8731861710548401,
        "y": 0.798377513885498,
        "z": 2.2444379329681396
      },
      "yaw": 0.5988202095031738,
      "velocity": {
        "x": -0.458638072013855,
        "y": 0.13239730894565582
      },
      "score": 0.2582937777042389,
      "label": 4,
      "label_name": "pedestrian"
    },
    {
      "translation": {
        "x": 102.83809661865234,
        "y": 2.1811370849609375,
        "z": 0.8185577988624573
      },
      "size": {
        "x": 0.9237613677978516,
        "y": 0.8432602882385254,
        "z": 1.8546408414840698
      },
      "yaw": 1.12596595287323,
      "velocity": {
        "x": -0.791435956954956,
        "y": -0.19992995262145996
      },
      "score": 0.2216222584247589,
      "label": 4,
      "label_name": "pedestrian"
    },
    {
      "translation": {
        "x": 93.97516632080078,
        "y": -17.920684814453125,
        "z": 1.9387645721435547
      },
      "size": {
        "x": 0.9872698187828064,
        "y": 0.9426456093788147,
        "z": 1.9831733703613281
      },
      "yaw": 1.3504420518875122,
      "velocity": {
        "x": -0.5518900156021118,
        "y": 0.42990124225616455
      },
      "score": 0.21552026271820068,
      "label": 4,
      "label_name": "pedestrian"
    },
    {
      "translation": {
        "x": 42.62450408935547,
        "y": -41.45051574707031,
        "z": 0.9911618232727051
      },
      "size": {
        "x": 0.7581614255905151,
        "y": 0.7188186049461365,
        "z": 1.6282742023468018
      },
      "yaw": 2.0432770252227783,
      "velocity": {
        "x": -0.0306859090924263,
        "y": 0.016751853749155998
      },
      "score": 0.20697402954101562,
      "label": 4,
      "label_name": "pedestrian"
    }
  ],
  "metadata": {
    "num_points": 306821,
    "has_velocity": true,
    "point_columns": [
      "x",
      "y",
      "z",
      "intensity",
      "ring_id"
    ]
  }
}